subset,structure_condition,aggregation,n_runs,n_task_rows_total,n_task_rows_per_run,exact_mean,exact_std,exact_ci95,exact_stripped_mean,exact_stripped_std,exact_stripped_ci95,token_f1_mean,token_f1_std,token_f1_ci95,rouge_l_f1_mean,rouge_l_f1_std,rouge_l_f1_ci95
gold_completed_only,continuous_transcript,per_condition,12,144,12.0,0.0,0.0,0.0,0.125,0.041666666666666664,0.023575135991909718,0.6693052894984117,0.027217199266815775,0.015399580176818098,0.6379730090713037,0.029304107831548624,0.01658035985400829
gold_completed_only,no_speaker,per_condition,12,144,12.0,0.0,0.0,0.0,0.11805555555555555,0.06326689985516874,0.035796618428931275,0.6894330292233284,0.02262307897280886,0.01280021192015237,0.6567095272009912,0.025667975898339614,0.01452302453857002
gold_completed_only,structured_dialogue,per_condition,12,144,12.0,0.0,0.0,0.0,0.08333333333333333,0.0,0.0,0.6640577650551269,0.013546861009145268,0.007664858173298377,0.6253773624231115,0.012757000258821921,0.007217952382813303
