structure_condition,n_runs,assignment_accuracy_mean,assignment_accuracy_std,assignment_accuracy_ci95,unit_assignment_accuracy_mean,unit_assignment_accuracy_std,unit_assignment_accuracy_ci95,completion_accuracy_mean,completion_accuracy_std,completion_accuracy_ci95,final_state_accuracy_mean,final_state_accuracy_std,final_state_accuracy_ci95,completion_outcome_accuracy_mean,completion_outcome_accuracy_std,completion_outcome_accuracy_ci95
continuous_transcript,12,1.0,0.0,0.0,1.0,0.0,0.0,0.9333333333333332,0.13445852909056288,0.03402270206965531,0.9333333333333332,0.13445852909056288,0.03402270206965531,0.0,0.0,0.0
no_speaker,12,1.0,0.0,0.0,1.0,0.0,0.0,0.9333333333333332,0.13445852909056288,0.03402270206965531,0.9333333333333332,0.13445852909056288,0.03402270206965531,0.0,0.0,0.0
structured_dialogue,12,1.0,0.0,0.0,1.0,0.0,0.0,0.9333333333333332,0.13445852909056288,0.03402270206965531,0.9333333333333332,0.13445852909056288,0.03402270206965531,0.0,0.0,0.0
