structure_condition,n_runs,assignment_accuracy_mean,assignment_accuracy_std,assignment_accuracy_ci95,unit_assignment_accuracy_mean,unit_assignment_accuracy_std,unit_assignment_accuracy_ci95,completion_accuracy_mean,completion_accuracy_std,completion_accuracy_ci95,current_state_accuracy_mean,current_state_accuracy_std,current_state_accuracy_ci95,assignment_detection_latency_mean,assignment_detection_latency_std,assignment_detection_latency_ci95,completion_detection_latency_mean,completion_detection_latency_std,completion_detection_latency_ci95,assignment_detection_miss_rate_mean,assignment_detection_miss_rate_std,assignment_detection_miss_rate_ci95,completion_detection_miss_rate_mean,completion_detection_miss_rate_std,completion_detection_miss_rate_ci95
continuous_transcript,12,0.9805485937064885,0.0266049094934811,0.006731970931179716,0.8682194754563176,0.056385187249889716,0.014267420891185163,0.9781039562289562,0.028194404309494638,0.007134168611998208,0.9586525499354447,0.03969854861661169,0.01004511875383518,0.27777777777777773,0.5249577748840129,0.13283264434640843,0.005555555555555555,0.04303314829119352,0.010888888888888889,0.0,0.0,0.0,0.0,0.0,0.0
no_speaker,12,0.9799081035923141,0.02636880121429816,0.00667222729354547,0.8646550087339562,0.06307857147583258,0.01596108077945898,0.9783730158730158,0.027619871910427918,0.006988791856986664,0.95828111946533,0.03676406990752048,0.009302593192054627,0.25555555555555554,0.49618759994353695,0.12555278566349518,0.0,0.0,0.0,0.0,0.0,0.0,0.0,0.0,0.0
structured_dialogue,12,0.9813979392926762,0.025459696107539776,0.006442191962901552,0.8640980608085872,0.06345389904846767,0.01605605175875394,0.976818783068783,0.030429231978405857,0.00769965803442954,0.9582167223614592,0.04330941904897782,0.01095879503575981,0.2555555555555556,0.5037212433710003,0.1274590604648428,0.0,0.0,0.0,0.0,0.0,0.0,0.0,0.0,0.0
