structure_condition,assignment_accuracy,unit_assignment_accuracy,completion_accuracy,current_state_accuracy,assignment_detection_latency,completion_detection_latency,assignment_detection_miss_rate,completion_detection_miss_rate
continuous_transcript,0.9802840434419382,0.8697093111566796,0.9797619047619047,0.9600459482038429,0.26666666666666666,0.0,0.0,0.0
no_speaker,0.9767752715121135,0.866200539226855,0.9797619047619047,0.9565371762740185,0.26666666666666666,0.0,0.0,0.0
structured_dialogue,0.9837928153717627,0.866200539226855,0.9734126984126984,0.9572055137844611,0.26666666666666666,0.0,0.0,0.0
