structure_condition,assignment_accuracy,unit_assignment_accuracy,completion_accuracy,current_state_accuracy,assignment_detection_latency,completion_detection_latency,assignment_detection_miss_rate,completion_detection_miss_rate
continuous_transcript,0.9837928153717627,0.866200539226855,0.9797619047619047,0.9635547201336674,0.26666666666666666,0.0,0.0,0.0
no_speaker,0.9802840434419382,0.866200539226855,0.9797619047619047,0.9600459482038429,0.3333333333333333,0.0,0.0,0.0
structured_dialogue,0.9802840434419382,0.8626917672970305,0.9765873015873016,0.9568713450292398,0.39999999999999997,0.0,0.0,0.0
